id,name,engine_route_id
00725eed-c09e-4d9f-88d3-b088ad1b655a,The Claw,1eda41d6d1253498
0366a9b6-0d17-4c18-bf91-df88d8e9cdc2,Mine Hill -&gt; Bull Run Loop,
051af32b-a64c-4b8f-babb-dd8d586f361d,Mine Hill / Randol Lollipop,
05c212c5-e10f-4033-8f1a-74f9d79f82bf,Hidalgo Cemetery via Hacienda,90b7b9f8fd866ec9
088c06c3-8183-4be7-9f38-564d65e0b106,Ridge Trail,bbe5f813c363dc25
0901a7b4-2818-466a-be9f-ad08c8623a30,McAbee to Reservoir Overlook,cf30c104eaac0533
09b2ebf9-dc18-4b0b-a5a9-a699b86f722a,English Camp Loop,0166cd398d61fa49
09cb4056-9a0d-47ba-aec6-710f434aded2,Longwall - Mayfair Loop,c512435800da1109
09f51115-adbd-4cf5-8c74-f9afac5f29b6,Coyote Peak Loop,ae6c23421d9d8816
0b7a5fa8-18c5-4608-9cc5-63ee557c7e60,Dog Park to Campbell Park &amp; Back,
0c8a4d38-596b-4d1c-8200-760e5f61cea1,Lisa Killough Loop CW,a82a6f8e6d350310
0cd603a5-fc4c-48e2-9cab-2c1e45dab813,Spring Valley Pond Loop,b44257a6bcebb7e8
0e8a8a93-de8f-47de-8b9e-f26999ec6883,Mission Peak via Ed R. Levin,778fe02cf3de572b
0fcb8ee1-2071-4650-be1e-b0e36334b085,Coyote Valley Open Space,b8d058b696c30343
109f26af-c291-4c37-8d9a-337e4595e3f8,Rosendin Pond Loop,423f74902dd28a48
1362dee4-3256-4df3-81ca-922badd0f03f,Watch out for Arrows !,b10c96827a1bc49c
13874409-4c27-42e0-b304-3c9c998a496c,Monument Peak Lollipop,f40caefe399d6da7
13f562f5-cae1-495f-84ce-14c0f5d9c9c7,"Long Ridge, Ward Rd Loop",3895394e3b51075d
1586978a-e580-4797-88cc-ea4a84b49508,Rancho San Ysidro Loop,a51b1338030278d7
15fa0d30-dc8a-4af3-8aae-c1b7b62a9522,Spring Valley Loop,364b755096577181
17234564-bc3d-4845-9d73-cd0109044f25,Dutch Flat -&gt; Brush Loop,
182190cc-cad4-4d6a-91ed-c260cd1eef22,Joyce's Bench &amp; Back,
183e1680-ea08-4026-af02-625d49a70418,Table Mountain Loop,fac05a4f632b6db8
1844eac4-f79c-4461-a814-1cbbef25cfe7,Day Tunnel Loop,b0c0a631f76353d7
195b59f4-b9a1-43ee-96fb-059d7ec896b4,New Almaden / Randol / Mine Hill Loop,9a581bccbfd02c79
1b092bc3-a17a-44ec-beb9-82e8e5b3a63f,Stiles to Pueblo Loop,cbdce4cf27dbfa6a
1b0cf802-e0bb-41d6-bb08-85f037e25064,Parking lot to The Peak,458ca5084798c85b
1b0e748a-fce7-4b4a-9821-3f0f2e7dc529,Meadow -&gt; Brush Figure 8,
1b958832-fec6-44b6-b724-274121a2393b,Dam &amp; Back,c186ecac57369876
1bf5ee8d-d1b0-457a-9a64-205c2c138b58,Full L.A.C.T,5b86be562b08d518
1da8da5b-482e-4162-ac90-16ded4247be4,Zigging and Zagging,bed8304b994ee6e0
1e04f64e-ed50-4730-b73d-732082e1250c,Meadow Loop,
20257017-771b-494f-9ebb-f82abfac8bb6,Cottle Rest + Bald Peak Trail,99b60506afba01a3
211353df-652d-4cbd-bcd9-a7c8378c6d71,Dutch Flat to overlook,af906221e1893e14
2146d7f7-35d8-40ca-918b-889db1208fb1,Wikiloc - Almaden Quicksilver County Park,0f6852d87ed21e7a
23216867-dcdf-4139-91b6-5a17de92bc33,Hellyer to Golf &amp; Back,20014d8761337e05
23ae09dd-cc2d-4810-898b-897201166256,Wikiloc - New Almaden Quicksilver Park. 10 mile hike.,60ed35566f62c04c
23c9c2d9-06df-4e1a-8abe-8ae4bcbca9c5,Hellyer -&gt; Shady Oaks via Coyote Creek,
2447b2c8-0f34-49b3-a074-0fb356dba158,Big Alviso Loop,fb99716aa693c694
245ef4a0-6813-4168-b280-e286ce4e009a,Alaska-lookin Loop,e447909444054f35
247c42c2-ab82-4416-b60b-f705814214ed,Orchard Loop,a0b5dda82996a581
24c2881c-9f21-4821-b0e9-d2aedd7f6ad5,Meadow Loop,5c9a2b29d3d79b3c
267375a3-a1c6-4713-8a2c-c3dc4dd1521a,Alviso Small Loop,20ed0a4daf53cfec
26dcda21-045c-4600-8378-a92aaaa5b938,Lower Hotel -&gt; Lower San Felipe Loop,
26fe233e-9fcf-444b-b208-5b19491b9050,Alviso Mini Loop,0992cb2fa5997772
274a5d7c-49cf-4227-b40a-ad19bbb64de2,"Down Ridge, Up Sprig",d16439867220e109
27e65c05-c706-4e31-acc4-4e38ca64b93d,Upper Stevens + Long Ridge Loop,40d109b3b863b620
2994c19b-df52-4b44-a5e3-3d2f3164cc11,Martial Cottle Lap,59cc5236e6f98d62
29bd5fca-1932-4449-a289-c5df55a32adb,Webb Canyon Loop,e06b5ebb9ccb6ac3
2a54f7fb-4e1d-455c-a332-daef21701df1,Eagle Lake Out &amp; Back,81986ce0261a6b86
2a69d218-cc96-4c43-8ad9-d516b3a02df5,Bull Run + English Camp Loop,93e8e000c11ae910
2b173e80-1814-4039-b038-76f65b9de9bb,Brush Loop,d9dfd6188a37265e
2c4e0905-b5e7-4623-b613-080ad6ea7526,Sanborn to Overlook,b280f1720648717d
2dae80aa-6c60-4539-8bb2-7906d36c4d99,Wikiloc - Mt Umunhum loop from Woods Trail's trail head.,500299261b819a70
2eda2a79-ab8a-46e3-9e65-79a457926761,Knobcone Climb,5b0338d459e4ac10
2f124734-578f-4ffa-a5d0-f840c923e5f0,MC Walk,32cad7b069a83828
2fe75e10-1af1-49bd-88ea-ee0d41461bd4,Ridge Loop,6bc24ab3b81335d1
301cf068-38f9-4da4-b901-3fef0c823a7e,Dutch Flat -&gt; Hotel Loop,
30b37032-a918-43e4-8ec6-bbf9177084e1,Camden Pond #1,9b007e07e403b2fd
329a4d66-ba3f-4827-a97c-27bef13ba334,Arrowhead Loop,cfca6f4c01549469
329c0e2e-aa70-451b-95a1-f30d0d009b4e,Sanborn to The Peak,f5b18f2dde9799d5
33222257-7bdc-4af5-a106-27ffe6e01016,El Sombroso via Limekiln,80aa72918aa811b8
33e11ee4-da5b-4cd6-85a5-837a7a5b70f6,Baylands Full Lap,cfe4dc0f029c2bb2
340925a1-5f83-4682-96d1-19c87e886961,JNT - Black to Skyline,da75bf1d27d45a6c
34157e29-baae-4a4e-965d-4f3cc6a1cec4,San Vicente to Cottle Rest Site,3b6fb271e35d37f2
34fbbcd2-6b72-4bd5-b806-2e2ca4e6ba3a,Randol -&gt; Mine Hill via Mockingbird,
35e32862-3fcf-4811-bfb2-ac355e014026,Triple Falls Hike,825b6e60822671e9
36596691-34f9-4a29-b4b5-6bbcfc1e5774,Stevens Canyon via Mt Eden,9cf2df18b0752cbe
374a6818-f9b9-41ee-99f8-d593fa5c2b6c,Bass Lake Lollipop,
3980238f-6f7e-467a-a31c-9edf1265a848,Pala Seca Cabin Lollipop,73d4a46503e452d9
3a443c4a-9ddc-4b29-ba6c-57b9974e2f0e,Mount Umunhum via Quicksilver,7e7ad8d5b001a81b
3bb44a55-c173-4296-9168-b02f652ea27e,Calaveras Ridge Loop,3cf6aa40045fa1c0
3cf0384b-bf76-41cd-86df-18b5f5519427,Bernal Ranch (Historical),9433236864c73713
3d2d321f-8b59-43db-b6a5-1f515c66e27c,Figueroa Loop,d4812fe4a9f4cf5f
3e4604b1-817d-4369-97dc-4be5388e103b,Creek Walk,29711c7147bbe58c
3eabece3-5409-4aa5-8f0b-36eccf5ca58b,Harvey Bear Figure 8,7037cd88943029cb
3f150980-46a1-46cd-ad2b-ccd684e54d6d,West Side Vasona,775a77f494764136
3f2f77a9-2b9a-494d-b468-a59247e030ea,Mine Hill -&gt; Randol -&gt; Prospect Connector,
3f9d448d-79fc-40d4-9b4d-d63dd7d7232a,5 Mile Out &amp; Back from Hellyer,8ce25ad67e6b7eb6
41a66180-dbdb-4fbb-853a-53d382f056eb,Blue Springs Loop,76f03b2a05bb5642
423a4c0d-10ce-47fc-8022-b63df31653aa,New Almaden Trail -&gt; Webb Canyon,
4286e486-dffa-40e5-a7f4-aafabb762caf,Harvey Bear Ranch,a20b399f209bf9f5
430decb3-a43f-4105-967c-852efa0adac6,Lookout - Redwood Loop,6f8f4a126b42eb37
432b89cd-9afe-4936-8731-c8d6f449dbc0,Upper Hang Glider Launchpad,e2f060917bffa27b
438cfb84-66e9-4f3b-aa43-5e15c349a82c,Wikiloc - Almaden Quicksilver County Park,bf561d4e09710230
4410e3b8-4740-4f12-ae45-b0b239b9a25b,Hellyer to Golf &amp; Back,
45386afe-d34d-4592-a556-5db67bab6023,Creek Loop,fbb5efcbc539e114
45715251-6612-4018-ad6b-dcb423524a9b,Walk around the Velodrome,0333ea37f261266d
484ed1bb-544f-471d-9f0f-4879b311ca3c,Vasona to LGCCP,e78e023f23cffa37
491e7f46-6f3b-4ce1-8980-ba8f1f0fc726,Stevens Canyon Loop,deca69bcf671593b
49e9f837-329a-4e57-8f4e-ceaddfed3ae7,Sanborn to Castle Rock,c35861868faafd30
4c3adc23-62e2-4b68-9b02-614a6c1d3d2c,Buena Vista Loop,e43a68e0b254ae85
4ce3e0dc-edf6-4f45-b2d8-e13d26244bc4,Lake to Reservoir &amp; Back,747a9f9e6f34c3a9
51183679-944e-4ceb-8b0f-169a53e0c1f8,Canal Trail,1254aad8cfdb7edc
51b8309a-9370-4d9d-9dd4-8c94bba00d99,Bull Run via McAbee,bbfab06cd930edfc
539924e7-7274-4e1a-a43e-27ae59ec59a4,Castle Rock (Bouldering Loop),be28bb732ab3cf56
53b5baa1-5377-4e8e-97cb-86e0f750a1f5,Amphitheater Loop,5f1f08d6d56dab92
54b24e1b-d72e-4d34-9f58-7da161e8c905,Old Logging Camp via Alec Cyn,1a67c33167a6f894
5534af87-ab43-405e-b3f8-532bd09d7ddd,Sanborn County Park Loop,
57838293-9ef1-478f-9158-7290ddbcdda0,Mine Hill + Full Randol,cfeaac93f137b403
57ac4676-66d3-4712-9219-634e9972e85b,Calaveras Loop,270bf04821300c5d
580a4b15-1d3d-4a37-b43e-5ae41c9813c0,Roadkill Loop,c80b733cddfb2ed3
59392dab-ca43-4d0f-9de5-d626541866e1,Lexington Reservoir,91a12f7eff7cadef
5b28556c-65db-40c4-a726-fdc713bb6519,Mendoza Lollipop via Harvey Bear,cb06aab42c623401
5bcfdb6a-2c54-4877-afd0-274564681b4e,Alviso Medium Loop,a7408e7935145e72
5c47d89b-27ed-418d-a48a-ae821a8a411e,Serpentine Loop Trail,70b01683fb3af036
5d3026b6-2edc-4286-a406-1075f3d28128,Flowered Switchbacks,c498025a5dfc5c83
5dbb7ede-1f7e-463e-9e7b-1df6f326610e,Sprig to Pole Line &amp; Back,
5dc85162-b4b6-43fe-9b0e-a0121c7d9d80,Wikiloc - New Almaden Quicksilver English Town,9c36d48836ec9df5
5f78dfbf-1635-4b67-a738-2bcb9e07e47f,Savannah Loop,859f3e08bc1c300a
5f90c250-541d-40ae-bc06-8dee14517b98,Blackhawk -&gt; Merry-Go-Round Loop,
5f9ea0af-5252-4240-89f2-19b8fc8c46b7,Byrne-Milliron Forest,e86be7642b53252e
606b443e-2fb6-40c9-8c1a-97da68208f63,Long Ridge Open Space Preserve,252cde71dc80ce46
614779a7-3cfa-435c-96a9-d8ee03689ac1,Summit Rock Climb,becbb1a5ba4ed4df
6177cd1d-a6e2-4fbe-8db9-b0e4fec08afa,Small Loop @ Quicksilver,
623be2ce-ab85-4b1f-89a5-b15356b4d329,Waterfall Loop,
6262f118-7470-4027-97f4-ba0f91fe7c06,New Almaden / Randol / Mine Hill,126c3f0404a902dc
628b5ad3-6e17-431b-bdbd-77a765002cc9,Mine Hill Lollipop,7b7e994b548ac8fa
62baaac4-57e7-4d31-9015-800d2fcdd806,Los Cerritos Trail,c80bd2fbe5364cdc
62f995c0-79ff-4b88-985f-657c35d9a254,Ridge/Blackhawk via Sprig,
64c34c00-2bee-42b7-94c8-210b2ba2a304,Willow Springs Loop,5c82857cf2d37d0e
65b2c87b-c771-438b-af85-6e1431de2e43,"Up Yerb, Down Huecos",ddbde4d787e9f708
66383b5c-e337-4996-b472-051f307fe202,The Spike,bdc091b1d798dcfc
664d8ab7-4ce7-4bb5-8b3e-965501a9a1fc,Grizzly Flat to Stevens Cyn Rd,f29969918418b259
6697fabf-a8fc-437d-88a1-7fe356c49937,Big Meadow Loop,0595056db9c44d24
670a9157-0bfe-46bd-9822-7e3f0eedc9dc,Sanborn to Quarry Park,a375bffece361fd3
694514bd-daeb-4be8-a191-de9dec8a8c3f,Mine Hill / Randol Lollipop,12044c4ef7cdec36
69815e7c-b0f6-4338-8727-2d392d7ad11b,Alviso Slough Loop,a487a89fcb432280
6a216528-24ea-47e4-b733-ed59d1de8fae,Edwards Loop Trail,249e01161f0c17e5
6ac98e44-3102-4b4a-af58-49a3d855175f,Bayview Loop,895017f65c966ef2
6b2cd4d9-c2a9-4db9-ba8e-a80755aef1c2,Wikiloc - Greystone (historical) - Webb Canyon,55f80a14180c6df2
6c315ed4-61e4-42c9-a3ae-560c9419963e,Wikiloc - Santa Teresa County Park Loop,97e5ef191f0f3fee
6c586752-dcae-4989-9aaf-a54db1cea568,Basin Falls,76f89f924eb7a815
6c60e3f4-fb38-4841-abf7-d70180b99801,Lower Bear Creek Redwoods,8905a5e925f75b98
6ca01d93-a135-4fdb-a050-696cfe117e94,Heintz Open Space,e5b34c643fc76a83
6cbb7d66-1267-4b7f-95bc-05f3e3105552,Alviso Loop,c886b7c954d1f676
6d2fcc22-4545-455e-9d21-e822fef0e652,Welch Hurst Trail,2cc2c326997ee6bc
6e22cce7-70db-4a45-a856-81ef325162d5,Lower Madrone Loop,6b6491b2459f7f3d
6e26e2fb-cc9c-4f51-a53c-2aaf44489fb9,Dog Park to Vasona Bridge &amp; Back,
6e3d1837-d76a-45b0-88d7-43247e9e2d9c,Uvas Creek Trail,2d62353b936da6e5
6f6f72e0-4b60-4ec6-bbea-84ae841bcda9,Martial Cottle Half Lap,
703f8490-ff41-491e-b7ce-ea5e93b644e4,Bay Area Ridge Trail,46d9ced3e569bcb7
70e01597-9d88-4b30-9f41-f7f7bccd68e9,Cottonwood Lake Lap,ce6e59b9f1d6bda3
72192af9-25c9-40db-a2c0-f62c6de587c8,Skyline Trail south,34daa9d84b04c4c3
732c2bfe-5dd4-48bd-bcb8-901798291810,Sunnyvale Mountain Loop,31b035ffb490db55
73c97414-0f71-4cfb-b8d0-cee6c5a091d2,Martial Cottle Half Lap,5045f071c3b45508
7504fdef-986c-4bdf-9df9-106ff414b915,Giant Twins Out &amp; Back,
752d7403-af86-42c4-9dc9-b64434832d75,Lexington -&gt; Los Gatos Creek Trail,
7531423f-cbc0-47ba-be9f-5f61c6c04a85,Miller House Loop,0b58294a58196e3f
7544ebba-3d98-4a08-b4e0-e0b0edd4376d,Meadow Loop,21a06ee40a863f7f
75e2c4c0-d950-4bb7-ac48-9b9f5480af2c,Dog Park to Campbell Park &amp; Back,be328bcd95c6a190
760ef6f3-818a-42ea-8ef1-8d4dc8454f7d,Lisa Killough - Cottle CCW Loop,bbbe49df852359ab
772e3cd5-41b5-411d-b0f6-9e7ef5d8ed8e,5 Mile Out &amp; Back from Hellyer,
790adb9d-2c06-46aa-9949-e14167918656,Wikiloc - Nisene Marks,1759e7a49b361c09
7952c395-f0df-4d89-885a-e77a0230e86d,Triple Monument CW,7f71ce78e54ed700
79b699f2-ec24-4bc9-be13-eaf92800cc11,Recov,ea43c5a3218fa7ae
7abfd464-e412-4c95-a246-6cfd05dd540c,Dog Park Loop,7c75d5efca459190
7d4e66b1-ffe0-475b-81a4-2fc1c8c5f3f6,Junction &amp; Back,65968f3501d53705
7e460948-9958-46f1-937c-db03d375936e,Rollers,92b14fc47d848eb1
7fc22caa-4be5-4189-aebc-f4019c8136a5,Guadeloupe Oak Grove Flat Loop,3d362295616d2335
807e7eaf-0b21-4c37-86cb-f581b7e4036d,Lexington Reservoir CW,cef0074f8cb6cf57
80c166f2-3cb6-48e7-86d5-7732e8b6a741,Mount Umunhum,77805c3d0040ea44
80d4b115-75d4-4735-8832-c281f5ec9dda,Madrone Picnic Area Out &amp; Back,
814c464f-f092-45e5-8814-46f4faa570c0,Tularcitos Trail Loop,d2166fb310ce7480
814e080a-d066-4366-b511-5b3abdbe3fb6,Two Moon Lake,8fd04735ae9e86c4
832c954a-0361-4888-b2ac-89cd208d5d0e,English Camp Loop via Wood Rd,18208676cabbf915
8459232d-5076-4575-ba5c-c9a511d8e978,Big Loop @ Quicksilver,48fe6b1d7029ca15
846fd324-b176-41e4-8fda-525b20677526,Blackhawk Canyon Loop,2327c1e4d81873ad
847f0275-7638-404c-9b2d-70bd5595854c,JDG Climber to Tamien,573668e30607e5b6
866746b2-b238-463e-80f6-8e25f3c251a3,Providencia Pond,9687d6ca4696d00a
86870acc-acf6-4421-bd2f-d587089e3644,Oka Ponds Loop,82acf6ba5c2183e6
86c07e57-9c45-4280-9d3f-b28334c52e3a,New Almaden / Randol / Mine Hill Loop,
88cd8360-3a7e-4533-97e2-09d26ae04cc2,Almaden Lake,a5ac5cbfdd814b7a
88fb73f2-4a55-43c5-b857-bc7a85c44d26,Harry to Switchbacks,9bd3255ff63171cb
8ab6ef9f-5a76-4f18-b03d-ae925eb08c56,Bass Lake Lollipop,8acd5fe34aa64e44
8bc48514-50c7-4913-a367-ef290ab4b6f1,Dog Park to Vasona Bridge &amp; Back,e4de579e6d1b5eaf
8d086cf9-e6d1-4680-a091-45efe24effdd,Dairy (Moo) Loop,8f041dc76caec063
8d9021e4-16ea-4c99-8a4c-035aa799ee34,Woodland Valley Loop,4c477b939bffd650
8da209c9-fea4-498f-87c6-c31ff14e0091,Halls Valley -&gt; Huecos Up &amp; Down,
8db98e46-d78f-46ce-97df-8184bf327e2c,Ridge/Blackhawk via Sprig,7dfd25743b7fbb71
8ea796da-4722-4088-9782-4b2a80d9faec,Giant Twins Out &amp; Back,fc9c0eada1ed4bd6
8f0f67df-a135-4be0-87f2-dc073e358b28,Agua Caliente -&gt; Calera Creek Loop,
8f6f9521-bf44-488f-9e49-d83e2646c26f,Mount Madonna CW Lap,057eeb2c22017c0f
8fdd5d19-84fb-4ebf-9c2a-6f498c2b1ee3,Big Coyote Ridge Loop via Mendoza,0fbad159f504f7fd
915aeb1a-b3aa-4db2-a425-d19b294e0c1d,Waterfall Loop,ba443503b071439a
919b9041-2551-47be-83ef-ff7d2dc6a2a9,Sunnyvale Baylands Park,fff54c3875848af5
91cf6ce9-439f-4402-8e72-0ae48228a063,Coyote Peak -&gt; Rocky Ridge Descent,
943fe610-0b33-4200-82c4-923485b93d4a,Loma Prieta via Uvas Canyon,eff3112096995a2b
94c29558-5f0a-4c20-bd90-518a1799cacd,Miller -&gt; Meadow Loop,
957a8f87-8340-4639-b4c3-45f58575ca52,Saratoga Gap to 9,b1b91ca89dc1917a
95e7f2fa-e124-4ad1-928c-ee0cf80c9671,Peterson Loop,f486701f34a8d0cb
9a22d848-55a6-438f-aaf5-3b62c4557cb0,Old Mine via Sprig,834f5409d6f2a33d
9ab825cf-d257-4c24-91bc-2c290d389f68,Harry to Stiles &amp; Back,
9cf161e6-0b00-4354-b813-24ce167f40e4,Sanborn to Lake Ranch,3b827958f925efae
9d6223ee-2d0c-48a9-8333-3603ef7d6c95,Overlook Loop,0bdc7891e7a078da
9deb5045-7fb2-4426-9f5a-ba25f6e24a03,Camden Ponds 1 &amp; 2,
9e873809-33c7-45c2-9f12-63c8a894aec5,Harry to Stiles &amp; Back,cde06b4c61fca99e
9f2cb694-69ca-4bd8-9e5f-4bd58a108496,Sprig to Pole Line &amp; Back,23c96bc5d30e1d06
a09ece82-34fa-44ff-8481-a5454777cee8,Walden Pond Loop,400cc27147f4d16b
a1764c7a-6c8b-4781-baaf-eb32c6192ed0,Bernal Hill Loop,a1a107f84261f78e
a3174ffb-97a1-4018-8a06-3e82a6ebb13c,Hellyer Lap,f2cf98fef0307774
a31ef9a7-98b4-4a9e-8b26-d00e50e52d7c,JDG Traversal via Manzanita (to the boundary),d7518ff82a0059be
a33e6655-d4df-4799-b503-efa2fc0f4487,Camden Ponds 1 &amp; 2,e27a192a523577d6
a33ff455-1813-49e6-83f5-e873a1b3b9f5,Figueroa Loop,b49f41102c760d98
a4a2ad7b-8ea2-4d1b-bf81-1a432ecf8116,Bald Peaks Out &amp; Back,5c9deb884d5ed26a
a4cc0256-7ebb-41d2-9e9b-b613d791fae2,Upper Bear Creek Redwoods,6296760013ab2fe1
a72f4145-1f01-4682-91d5-fc9443bda264,Triple Monument CCW,83477cf12aa1a24e
a7597f80-84e3-4064-b6ed-0eed1a047fba,Dutch Flat Loop,b240b5dd1049640d
a7cd173b-c11a-42d0-bde0-aca5a37dbc1c,Baylands to 49ers,924deed4258889a7
a80628be-1cac-4f77-b2e8-a0d6b66e502b,Knibbs Knob,dd95eb05985ecdd6
a8b5153c-7aae-48ad-b6aa-f2a4639ba57f,Nature Trail,44d7d047b90d491c
ab07f52c-1904-4023-9b31-783967921a20,Bernal Ranch Loop,7878d5355386a5de
ab41824f-5cc1-4120-bc80-5668886a1c99,Los Coches Loop,565021abca49ec11
ab892fea-d040-4ace-b6bc-645b902de4ee,LGCT + St Joes,0adae7d965a54f35
abe9bbf5-c76e-4b98-a682-3429f54dd199,Virl O. Norton Loop,f090e8031e5f06e9
ac246590-bb97-4804-8e6c-200c6c338681,Eagle Lake Out &amp; Back,
adca8df2-d043-4821-8176-4c8d5131b8c3,Park Loop,4423a4a622caec2d
ae2f5a0d-16b4-46b5-9149-07df64144a31,Guadeloupe Perc Ponds,20cc197835b95740
af1ab96f-982b-4376-8036-42e8ef9acebb,Bernal Hill via Pueblo,37fd8b9f7de9a9c9
b05654e4-cc98-4fe9-825c-83ba5f1c3d86,Vista Loop,345a5649ec2d01c8
b075e934-6618-4225-884f-507d3286b5c1,Belgatos Park,16cbeb1edbc31f79
b16b9feb-d170-452e-be7d-b0f5bddc67e9,Junction &amp; Back,
b172549d-c53f-4456-b681-4107630db188,Coyote Peak Loop,adc94b32d3773bab
b3324424-dcd2-43cd-8fce-3ef4d983fd70,Tan Oak Loop,19d790cc28b46dbc
b4d329b9-01c9-44bf-a012-6857fe09ba84,Mine Trail Loop,c491ab7ec7345dfc
b54dd15e-71a1-4742-8a05-381e2b989d01,Black Rd to Overlook,e9b0875f1c0d9dff
b58ff7b9-72dd-4379-942b-361de9bd9016,McAbee Senador -&gt; New Almaden Trail Loop,
b5d45935-332a-46f3-b2fb-f6a20a2bf1d3,Joyce's Bench &amp; Back,15c051f4366975b6
b8e0ac93-3927-400f-8ecc-5715ff9dc0ca,Switcherback,62bfe437db4628f1
b9c32990-ef3a-4c57-82e5-b25db5bdc9c8,Prairie Dog Loop,8095c541c93689d2
b9d741b2-895a-4cca-b59a-efa8423b7978,Pena Loop,b96a01be9bd5ebf1
ba6bc4b2-3d2e-4613-aaba-1304d48799cb,Merry go around Mount Madonna Park,f0f42fa2fd7032fd
bbdf6624-2ee9-4124-8268-829a50a156d9,Sanborn to Vernon J Pick,b92bde2b313ffe0b
bde7ea33-bf8a-4db9-ab95-f966ad0c8521,Knibbs Knob CLIMB,fa4f65adb076cc55
be10f511-bae8-4b30-9001-98600718d5ed,John Nicholas,7c5bfebb2c9dafd7
bf399d1c-7962-4877-a55a-7239534444f2,Mindego Hill,c4e8f58757048a17
c000a3d9-d049-4a7b-a66d-e7d282c76c09,way/421156644,
c1bd321f-01c9-4095-81f4-2f4e0c7d54a7,Lookout Trail,74cf59f89344d431
c209ba9b-0200-4b4a-be9b-b632a13f8075,Coyote Climber,4e4770710b53b689
c2be3c92-0b1d-48d5-8cd9-a7b04c43f47c,Playground Loop,6ff60bee3fb84c5f
c3104f59-4ae5-4a88-a3eb-0827c3a15714,Coyote Peak Loop via Bayliss,20ba599fbf6f4c4e
c65614d5-6728-404b-9be0-b73f9def7c31,Bald Peaks Out &amp; Back,
c65b9d05-9a10-4320-9dfa-f980a92e2b5a,Priest Rock,881036b187bb38c5
c6de30a4-e1ad-4baa-b91f-02e69acfab62,Valley View Overlook,490755c7db698c48
c96afc15-d6f6-416a-90b3-ba3aae6a564c,Bass Lake Lollipop,9e729dff17a0342e
ca83dc30-a8f2-4419-953d-29f65f8832f9,Squiggle at Madonna,4f007605eb0494ff
cb3cdaab-abe4-4905-9f89-daab76f75b9c,Harvey Bear -&gt; Townspring Loop,
cb706363-ddec-4e22-9788-5eb5dc2e588f,Wikiloc - Cemetery Hidalgo - loop,7347cc4b36856c90
cc424f45-1bfb-4cda-8988-9f426ca15d93,Hicks to Lexington to Hicks,ea9174647c338b66
cdeb002e-0cf5-428a-adf7-d00e91c359e0,Savannah Loop via Mendoza,c1d1aad6a8f1bc69
cded5aec-4464-49c5-89b9-e887ea52b0eb,Merry-Go-Round -&gt; Camp Loop,
cee59d95-ee2e-4960-86a6-cd6d0e5a9bbb,Serpentine Loop,ea35e09e87c20be3
d05d5fae-5ce5-4beb-9358-161bd9ca90e5,Ridge -&gt; Blue Springs Loop,
d0e1110b-c884-43d6-a2d7-f24ba6ad2c6f,Kennedy Up &amp; Down,5ea8c48c30f78dde
d272db55-73b5-4de1-ae19-38cd197e8527,El Sombroso via Woods,a207df2abb5b911b
d37e8a96-350f-4e75-b6b1-cc46cb6b71fa,Meadow Lap,6e3641d8f4d4ebaf
d436a2f4-230a-4127-a7b3-2231500bf2a0,Stiles Ranch,9517380b92172178
d4371182-7c82-4b22-b9ba-ad8962adb13a,Randol -&gt; New Almaden Trail Loop,
d67c2a6f-2844-4499-9317-ca673d5f7397,Coyote Ridge Out &amp; Back,
d69874aa-c2d2-4b3b-a674-1656f01ad0f6,Wikiloc - Almaden Quicksilver County Park,c517397026ae2e23
d6d67cf8-6721-4465-9a65-8b7d71f2cbfd,Small Loop CCW,a9464d7f73248330
d8e5a747-f57e-4d35-8234-ed6aeed7df6b,Lake to Reservoir &amp; Back,
da3bf214-459f-44d4-8233-e72a5a24037b,Stevens Creek / Long Ridge Loop,5f6abfe1aba7cc41
da553de3-f718-4efe-a86d-7d92a0f504f0,Martial Cottle Half Lap,ba54b0f97c2902e1
db54df90-4a01-45be-956e-6aa4d77ddfef,Loop Trail,933a2f9daec1a755
dbea6138-a960-469c-9a62-168cd0eef2be,Sanborn to Walden Pond,ba7d75c3a2d7464d
df33fcfd-9acd-4386-980a-19d54ad224ab,Coyote Ridge Loop via Mendoza,2854eb0c6b4addc7
e01c8710-0e9d-4022-b214-eeb7f6848210,Bald Peak via Calero,97e3db8c389ef024
e135e1cd-2887-48ce-83e4-398b35c3b52e,Hellyer Out &amp; Back Mile,a0a7924797dd69b4
e1a82279-ca24-4192-96a8-e829fc642f2e,Hellyer Out &amp; Back Mile,
e23e62c4-2efe-403e-9f98-afefaf61019c,Hidalgo Cemetery via Wood Rd,952501f29c08751e
e2a917be-53e9-4445-80dd-dd625ce8b36e,Dam &amp; Back,
e40dd124-1f24-4d7f-a2b0-ba10b14b94a3,Coyote Ridge Out &amp; Back,ce44fd913a28c821
e41ce9ab-c717-46b1-996a-a33282747da7,Lakeview Trail,3d8d230d51624574
e5b9a3fa-0917-4384-9177-e75458d9663d,Quarry Park Loop,c606ab75b44aa035
e5f8c7e8-b697-4f3e-916b-2b22fe28e219,Rim Trail Loop,f30e746e99f3dc9e
e6790023-4268-4e58-8b2b-83f44a3520f7,New Almaden / Randol / Mine Hill,
e8b30e46-3d87-4047-bf95-6da2a8f5b055,Trapeze to Bay View,f5a0e1340c898178
ea6870f5-781c-4ca7-9df1-638a3bf82cf2,Priest Rock + Limekiln,e7090766fb16a7e6
ea7e7b36-4ab1-42c1-b6bc-12abdcad6291,Calera Creek Loop,c1990a11da9c3232
eca0e434-0abc-4fa7-aac5-960c8ad53858,Deep Gulch Loop,be20526040cc0317
ed25fbe6-b858-4628-89e9-f87b1e0a4345,LGCT Loop,f3fade89ef5010dd
ee2743d5-9dcd-4b4a-9c00-c5754a36bf33,Up JNT Down Sanborn,f5c7fac443e1d638
efa766a6-e3c2-4996-a967-af9555c80bcd,Lexington Reservoir CCW,bddfe3cd4a90240d
f08ad0bc-89e0-4822-89aa-f056cb741e21,Lisa's Lookout,dfcc2fb1f58b8091
f15912b5-50ac-4032-9f38-a0825f80248e,Hellyer to the End &amp; Back,
f174e300-913c-4400-bbe2-e8a7cae98edb,Stevens Creek / Long Ridge Loop,
f30798c1-6ef3-4821-9bab-d50390fbd503,Canada de Pala Traversal,36b18f328db96c17
f4d67ad0-1345-4c25-b327-d99758aa4325,Sanborn County Park Loop,b656a3cf75690e0a
f6b45773-2ed6-4f5f-85be-90864fae3b28,LACT 5k,256c8e7975e1d355
f6c01130-dca1-4ead-ba17-9c207eb2ecd3,Uvas Canyon County Park,bc1ea042527216a9
f856fee4-bb05-446f-9bb0-3a35f5afa947,"Wikiloc - 10-12-2024, 6 Mile Trail Loop in The Forest of Nisene Marks State Park, Santa Cruz, (California)",fa333080a1500ea4
f8575e5f-6be8-47fb-805f-baee9b4d6ee3,Small loop @ Quicksilver,ccc40521a1b83273
f8a6d0b0-4918-4561-a6d9-c064d4372d81,Oka Pond #1,35e58aa0e08511b2
f9413254-66c5-401e-bf46-e18c38c2b89c,Hellyer to the End &amp; Back,d4ae72c2f780d9a7
f998a324-9af6-40a2-b93e-5558a73e721a,Sanborn to Skyline,7daa2d59f09e1cee
f9cca58b-2209-4061-b2c8-45e773b02dc6,Billy Jones to Dam,01c342776951562a
faa372f9-3e96-4cb0-a177-81fd3f17f3fd,Small Loop @ Quicksilver,e6a6c4ccca314a5d
fabdaae5-6dcd-4462-9e57-9276d29ef804,Vasona Figure 8,9d8ea76eac8aa3c8
fad41c83-a673-4f0f-9a90-225fb5d00cce,Hidalgo Cemetery via McAbee,d37817b1c9601637
fd0642eb-c500-4978-a243-c62ee279acd7,Madrone Picnic Area Out &amp; Back,23b0bb01f3881e46
fd4b94ee-ec79-4f48-a156-0d7be7cc485b,Hang Glider Launchpad,23d75965427a4c8e
fee1084d-d00f-49bc-9093-d95fc4c3f4c2,Baylands Rollers,5f7f616632d8fd69
feeff9f6-c51e-4ab4-b150-906cd74a3181,Oak Meadow Park Loop,70b3e308424884d1
ffbab184-1552-4bd7-8561-981b89ae32a8,Santa Teresa Park Loop,b4034d209756f5a4
