id,name,classification
0366a9b6-0d17-4c18-bf91-df88d8e9cdc2,Mine Hill -> Bull Run Loop,valid
051af32b-a64c-4b8f-babb-dd8d586f361d,Mine Hill / Randol Lollipop,duplicate
0b7a5fa8-18c5-4608-9cc5-63ee557c7e60,Dog Park to Campbell Park & Back,duplicate
17234564-bc3d-4845-9d73-cd0109044f25,Dutch Flat -> Brush Loop,valid
182190cc-cad4-4d6a-91ed-c260cd1eef22,Joyce's Bench & Back,duplicate
1b0e748a-fce7-4b4a-9821-3f0f2e7dc529,Meadow -> Brush Figure 8,valid
1e04f64e-ed50-4730-b73d-732082e1250c,Meadow Loop,duplicate
23c9c2d9-06df-4e1a-8abe-8ae4bcbca9c5,Hellyer -> Shady Oaks via Coyote Creek,valid
26dcda21-045c-4600-8378-a92aaaa5b938,Lower Hotel -> Lower San Felipe Loop,valid
301cf068-38f9-4da4-b901-3fef0c823a7e,Dutch Flat -> Hotel Loop,valid
34fbbcd2-6b72-4bd5-b806-2e2ca4e6ba3a,Randol -> Mine Hill via Mockingbird,valid
374a6818-f9b9-41ee-99f8-d593fa5c2b6c,Bass Lake Lollipop,duplicate
3f2f77a9-2b9a-494d-b468-a59247e030ea,Mine Hill -> Randol -> Prospect Connector,duplicate
423a4c0d-10ce-47fc-8022-b63df31653aa,New Almaden Trail -> Webb Canyon,duplicate
4410e3b8-4740-4f12-ae45-b0b239b9a25b,Hellyer to Golf & Back,duplicate
5534af87-ab43-405e-b3f8-532bd09d7ddd,Sanborn County Park Loop,duplicate
5dbb7ede-1f7e-463e-9e7b-1df6f326610e,Sprig to Pole Line & Back,duplicate
5f90c250-541d-40ae-bc06-8dee14517b98,Blackhawk -> Merry-Go-Round Loop,valid
6177cd1d-a6e2-4fbe-8db9-b0e4fec08afa,Small Loop @ Quicksilver,duplicate
623be2ce-ab85-4b1f-89a5-b15356b4d329,Waterfall Loop,duplicate
62f995c0-79ff-4b88-985f-657c35d9a254,Ridge/Blackhawk via Sprig,duplicate
6e26e2fb-cc9c-4f51-a53c-2aaf44489fb9,Dog Park to Vasona Bridge & Back,duplicate
6f6f72e0-4b60-4ec6-bbea-84ae841bcda9,Martial Cottle Half Lap,duplicate
7504fdef-986c-4bdf-9df9-106ff414b915,Giant Twins Out & Back,duplicate
752d7403-af86-42c4-9dc9-b64434832d75,Lexington -> Los Gatos Creek Trail,valid
772e3cd5-41b5-411d-b0f6-9e7ef5d8ed8e,5 Mile Out & Back from Hellyer,duplicate
80d4b115-75d4-4735-8832-c281f5ec9dda,Madrone Picnic Area Out & Back,duplicate
86c07e57-9c45-4280-9d3f-b28334c52e3a,New Almaden / Randol / Mine Hill Loop,duplicate
8da209c9-fea4-498f-87c6-c31ff14e0091,Halls Valley -> Huecos Up & Down,valid
8f0f67df-a135-4be0-87f2-dc073e358b28,Agua Caliente -> Calera Creek Loop,duplicate
91cf6ce9-439f-4402-8e72-0ae48228a063,Coyote Peak -> Rocky Ridge Descent,duplicate
94c29558-5f0a-4c20-bd90-518a1799cacd,Miller -> Meadow Loop,valid
9ab825cf-d257-4c24-91bc-2c290d389f68,Harry to Stiles & Back,duplicate
9deb5045-7fb2-4426-9f5a-ba25f6e24a03,Camden Ponds 1 & 2,duplicate
ac246590-bb97-4804-8e6c-200c6c338681,Eagle Lake Out & Back,duplicate
b16b9feb-d170-452e-be7d-b0f5bddc67e9,Junction & Back,duplicate
b58ff7b9-72dd-4379-942b-361de9bd9016,McAbee Senador -> New Almaden Trail Loop,valid
c000a3d9-d049-4a7b-a66d-e7d282c76c09,way/421156644,junk
c65614d5-6728-404b-9be0-b73f9def7c31,Bald Peaks Out & Back,duplicate
cb3cdaab-abe4-4905-9f89-daab76f75b9c,Harvey Bear -> Townspring Loop,valid
cded5aec-4464-49c5-89b9-e887ea52b0eb,Merry-Go-Round -> Camp Loop,valid
d05d5fae-5ce5-4beb-9358-161bd9ca90e5,Ridge -> Blue Springs Loop,valid
d4371182-7c82-4b22-b9ba-ad8962adb13a,Randol -> New Almaden Trail Loop,valid
d67c2a6f-2844-4499-9317-ca673d5f7397,Coyote Ridge Out & Back,duplicate
d8e5a747-f57e-4d35-8234-ed6aeed7df6b,Lake to Reservoir & Back,duplicate
e1a82279-ca24-4192-96a8-e829fc642f2e,Hellyer Out & Back Mile,duplicate
e2a917be-53e9-4445-80dd-dd625ce8b36e,Dam & Back,duplicate
e6790023-4268-4e58-8b2b-83f44a3520f7,New Almaden / Randol / Mine Hill,duplicate
f15912b5-50ac-4032-9f38-a0825f80248e,Hellyer to the End & Back,duplicate
f174e300-913c-4400-bbe2-e8a7cae98edb,Stevens Creek / Long Ridge Loop,duplicate
